,test_Accuracy,test_F1,test_Recall,test_Precision,auc
0,0.8217054,0.7957314,0.78112245,0.8411765,0.81811225
